Cpu,   Memory(MB),   NumFiles,   IOSize(MB),   NumThreads,   ThreadMemory(MB),ThputIOps,ThputMbps,RespTime
100 ,     110 ,     800 ,     1 ,     50 ,     10,  100018.436,  491.4,   0.149
100 ,     110 ,     800 ,     1 ,     50 ,     4,  110375.608,  542.2,   0.147
100 ,     110 ,     800 ,     1 ,     50 ,     6,  102652.399,  504.3,   0.145
100 ,     110 ,     800 ,     1 ,     50 ,     8,  106197.694,  521.7,   0.148
100 ,     110 ,     800 ,     1 ,     60 ,     10,  95628.117,  469.8,   0.181
100 ,     110 ,     800 ,     1 ,     60 ,     4,  107324.741,  527.2,   0.175
100 ,     110 ,     800 ,     1 ,     60 ,     6,  104892.523,  515.3,   0.179
100 ,     110 ,     800 ,     1 ,     60 ,     8,  103324.434,  507.6,   0.177
100 ,     110 ,     800 ,     1 ,     70 ,     10,  99522.560,  488.8,   0.219
100 ,     110 ,     800 ,     1 ,     70 ,     4,  106231.748,  521.8,   0.202
100 ,     110 ,     800 ,     1 ,     70 ,     6,  96007.377,  471.5,   0.209
100 ,     110 ,     800 ,     1 ,     70 ,     8,  102156.193,  501.8,   0.208
100 ,     110 ,     800 ,     1 ,     80 ,     10,  91264.363,  448.3,   0.256
100 ,     110 ,     800 ,     1 ,     80 ,     4,  99097.618,  486.8,   0.236
100 ,     110 ,     800 ,     1 ,     80 ,     6,  95374.099,  468.5,   0.243
100 ,     110 ,     800 ,     1 ,     80 ,     8,  97068.347,  476.7,   0.242
100 ,     110 ,     800 ,     2 ,     50 ,     10,  103036.971,  506.2,   0.148
100 ,     110 ,     800 ,     2 ,     50 ,     4,  105069.289,  516.1,   0.167
100 ,     110 ,     800 ,     2 ,     50 ,     6,  112759.116,  554.0,   0.140
100 ,     110 ,     800 ,     2 ,     50 ,     8,  107467.087,  527.9,   0.142
100 ,     110 ,     800 ,     2 ,     60 ,     10,  97633.120,  479.6,   0.172
100 ,     110 ,     800 ,     2 ,     60 ,     4,  112320.050,  551.8,   0.165
100 ,     110 ,     800 ,     2 ,     60 ,     6,  107584.734,  528.5,   0.169
100 ,     110 ,     800 ,     2 ,     60 ,     8,  100231.537,  492.4,   0.173
100 ,     110 ,     800 ,     2 ,     70 ,     10,  100417.563,  493.3,   0.218
100 ,     110 ,     800 ,     2 ,     70 ,     4,  104592.159,  513.7,   0.195
100 ,     110 ,     800 ,     2 ,     70 ,     6,  100044.614,  491.4,   0.200
100 ,     110 ,     800 ,     2 ,     70 ,     8,  97050.522,  476.8,   0.206
100 ,     110 ,     800 ,     2 ,     80 ,     10,  93487.595,  459.3,   0.237
100 ,     110 ,     800 ,     2 ,     80 ,     4,  107954.243,  530.3,   0.223
100 ,     110 ,     800 ,     2 ,     80 ,     6,  102541.859,  503.7,   0.232
100 ,     110 ,     800 ,     2 ,     80 ,     8,  102113.353,  501.5,   0.242
100 ,     110 ,     800 ,     3 ,     50 ,     10,  102782.253,  504.9,   0.151
100 ,     110 ,     800 ,     3 ,     50 ,     4,  110647.850,  543.5,   0.136
100 ,     110 ,     800 ,     3 ,     50 ,     6,  110806.326,  544.3,   0.160
100 ,     110 ,     800 ,     3 ,     50 ,     8,  111043.997,  545.5,   0.141
100 ,     110 ,     800 ,     3 ,     60 ,     10,  101392.450,  498.1,   0.176
100 ,     110 ,     800 ,     3 ,     60 ,     4,  107624.925,  528.7,   0.164
100 ,     110 ,     800 ,     3 ,     60 ,     6,  109310.184,  536.9,   0.163
100 ,     110 ,     800 ,     3 ,     60 ,     8,  108704.616,  534.0,   0.169
100 ,     110 ,     800 ,     3 ,     70 ,     10,  103331.372,  507.7,   0.203
100 ,     110 ,     800 ,     3 ,     70 ,     4,  109880.276,  539.8,   0.195
100 ,     110 ,     800 ,     3 ,     70 ,     6,  105447.508,  518.0,   0.197
100 ,     110 ,     800 ,     3 ,     70 ,     8,  101926.012,  500.7,   0.204
100 ,     110 ,     800 ,     3 ,     80 ,     10,  100511.492,  493.8,   0.233
100 ,     110 ,     800 ,     3 ,     80 ,     4,  109082.745,  535.9,   0.224
100 ,     110 ,     800 ,     3 ,     80 ,     6,  106073.501,  521.1,   0.226
100 ,     110 ,     800 ,     3 ,     80 ,     8,  101711.928,  499.6,   0.232
100 ,     110 ,     800 ,     4 ,     50 ,     10,  110782.336,  544.2,   0.137
100 ,     110 ,     800 ,     4 ,     50 ,     4,  111167.506,  546.1,   0.134
100 ,     110 ,     800 ,     4 ,     50 ,     6,  115343.670,  566.6,   0.135
100 ,     110 ,     800 ,     4 ,     50 ,     8,  108672.871,  533.9,   0.133
100 ,     110 ,     800 ,     4 ,     60 ,     10,  107240.556,  526.8,   0.174
100 ,     110 ,     800 ,     4 ,     60 ,     4,  106957.452,  525.4,   0.167
100 ,     110 ,     800 ,     4 ,     60 ,     6,  110205.238,  541.4,   0.184
100 ,     110 ,     800 ,     4 ,     60 ,     8,  110173.649,  541.2,   0.164
100 ,     110 ,     800 ,     4 ,     70 ,     10,  97640.894,  479.7,   0.201
100 ,     110 ,     800 ,     4 ,     70 ,     4,  109995.964,  540.4,   0.194
100 ,     110 ,     800 ,     4 ,     70 ,     6,  105131.178,  516.5,   0.199
100 ,     110 ,     800 ,     4 ,     70 ,     8,  101357.412,  497.9,   0.198
100 ,     110 ,     800 ,     4 ,     80 ,     10,  96081.741,  471.9,   0.235
100 ,     110 ,     800 ,     4 ,     80 ,     4,  107951.371,  530.3,   0.226
100 ,     110 ,     800 ,     4 ,     80 ,     6,  105861.995,  520.1,   0.240
100 ,     110 ,     800 ,     4 ,     80 ,     8,  101082.079,  496.5,   0.231
100 ,     110 ,     840 ,     1 ,     50 ,     10,  98172.144,  487.6,   0.151
100 ,     110 ,     840 ,     1 ,     50 ,     4,  111055.417,  551.6,   0.141
100 ,     110 ,     840 ,     1 ,     50 ,     6,  102680.111,  510.0,   0.145
100 ,     110 ,     840 ,     1 ,     50 ,     8,  106600.974,  529.5,   0.147
100 ,     110 ,     840 ,     1 ,     60 ,     10,  98234.351,  488.1,   0.177
100 ,     110 ,     840 ,     1 ,     60 ,     4,  103837.221,  515.7,   0.178
100 ,     110 ,     840 ,     1 ,     60 ,     6,  96932.339,  481.4,   0.181
100 ,     110 ,     840 ,     1 ,     60 ,     8,  103939.718,  516.3,   0.177
100 ,     110 ,     840 ,     1 ,     70 ,     10,  98778.867,  490.6,   0.212
100 ,     110 ,     840 ,     1 ,     70 ,     4,  104268.448,  517.9,   0.213
100 ,     110 ,     840 ,     1 ,     70 ,     6,  96367.612,  478.6,   0.216
100 ,     110 ,     840 ,     1 ,     70 ,     8,  99923.274,  496.3,   0.219
100 ,     110 ,     840 ,     1 ,     80 ,     10,  98127.758,  487.4,   0.243
100 ,     110 ,     840 ,     1 ,     80 ,     4,  96213.163,  477.8,   0.236
100 ,     110 ,     840 ,     1 ,     80 ,     6,  94542.097,  469.5,   0.241
100 ,     110 ,     840 ,     1 ,     80 ,     8,  97974.984,  486.6,   0.248
100 ,     110 ,     840 ,     2 ,     50 ,     10,  107030.927,  531.6,   0.143
100 ,     110 ,     840 ,     2 ,     50 ,     4,  113380.699,  563.1,   0.137
100 ,     110 ,     840 ,     2 ,     50 ,     6,  107859.567,  535.8,   0.135
100 ,     110 ,     840 ,     2 ,     50 ,     8,  109092.129,  541.9,   0.145
100 ,     110 ,     840 ,     2 ,     60 ,     10,  104049.423,  516.9,   0.175
100 ,     110 ,     840 ,     2 ,     60 ,     4,  113210.940,  562.3,   0.166
100 ,     110 ,     840 ,     2 ,     60 ,     6,  104789.070,  520.5,   0.174
100 ,     110 ,     840 ,     2 ,     60 ,     8,  105135.825,  522.2,   0.178
100 ,     110 ,     840 ,     2 ,     70 ,     10,  94604.456,  469.9,   0.213
100 ,     110 ,     840 ,     2 ,     70 ,     4,  104756.621,  520.3,   0.199
100 ,     110 ,     840 ,     2 ,     70 ,     6,  97650.319,  485.0,   0.213
100 ,     110 ,     840 ,     2 ,     70 ,     8,  103160.370,  512.3,   0.201
100 ,     110 ,     840 ,     2 ,     80 ,     10,  98039.653,  486.9,   0.237
100 ,     110 ,     840 ,     2 ,     80 ,     4,  99804.198,  495.7,   0.233
100 ,     110 ,     840 ,     2 ,     80 ,     6,  104068.853,  516.9,   0.229
100 ,     110 ,     840 ,     2 ,     80 ,     8,  95343.591,  473.5,   0.232
100 ,     110 ,     840 ,     3 ,     50 ,     10,  102912.531,  511.1,   0.144
100 ,     110 ,     840 ,     3 ,     50 ,     4,  114736.866,  569.9,   0.136
100 ,     110 ,     840 ,     3 ,     50 ,     6,  114703.899,  569.7,   0.137
100 ,     110 ,     840 ,     3 ,     50 ,     8,  108217.664,  537.5,   0.142
100 ,     110 ,     840 ,     3 ,     60 ,     10,  105693.507,  525.0,   0.168
100 ,     110 ,     840 ,     3 ,     60 ,     4,  111727.351,  554.9,   0.165
100 ,     110 ,     840 ,     3 ,     60 ,     6,  110406.920,  548.4,   0.168
100 ,     110 ,     840 ,     3 ,     60 ,     8,  103860.021,  515.9,   0.174
100 ,     110 ,     840 ,     3 ,     70 ,     10,  102860.729,  510.8,   0.204
100 ,     110 ,     840 ,     3 ,     70 ,     4,  109752.400,  545.1,   0.199
100 ,     110 ,     840 ,     3 ,     70 ,     6,  101546.184,  504.4,   0.194
100 ,     110 ,     840 ,     3 ,     70 ,     8,  97593.295,  484.8,   0.210
100 ,     110 ,     840 ,     3 ,     80 ,     10,  94061.250,  467.2,   0.238
100 ,     110 ,     840 ,     3 ,     80 ,     4,  101461.167,  504.0,   0.233
100 ,     110 ,     840 ,     3 ,     80 ,     6,  99442.953,  493.9,   0.229
100 ,     110 ,     840 ,     3 ,     80 ,     8,  96735.393,  480.4,   0.234
100 ,     110 ,     840 ,     4 ,     50 ,     10,  104031.505,  516.7,   0.141
100 ,     110 ,     840 ,     4 ,     50 ,     4,  111446.055,  553.6,   0.138
100 ,     110 ,     840 ,     4 ,     50 ,     6,  113724.257,  564.8,   0.138
100 ,     110 ,     840 ,     4 ,     50 ,     8,  114060.536,  566.5,   0.136
100 ,     110 ,     840 ,     4 ,     60 ,     10,  106883.235,  530.9,   0.168
100 ,     110 ,     840 ,     4 ,     60 ,     4,  110543.221,  549.1,   0.168
100 ,     110 ,     840 ,     4 ,     60 ,     6,  110126.928,  547.0,   0.167
100 ,     110 ,     840 ,     4 ,     60 ,     8,  111071.979,  551.7,   0.166
100 ,     110 ,     840 ,     4 ,     70 ,     10,  105531.326,  524.2,   0.196
100 ,     110 ,     840 ,     4 ,     70 ,     4,  102866.623,  510.9,   0.196
100 ,     110 ,     840 ,     4 ,     70 ,     6,  102863.043,  510.9,   0.199
100 ,     110 ,     840 ,     4 ,     70 ,     8,  106524.447,  529.1,   0.200
100 ,     110 ,     840 ,     4 ,     80 ,     10,  100398.646,  498.7,   0.231
100 ,     110 ,     840 ,     4 ,     80 ,     4,  107126.021,  532.0,   0.232
100 ,     110 ,     840 ,     4 ,     80 ,     6,  106698.602,  530.0,   0.229
100 ,     110 ,     840 ,     4 ,     80 ,     8,  106134.200,  527.1,   0.230
100 ,     110 ,     880 ,     1 ,     50 ,     10,  99645.214,  493.8,   0.172
100 ,     110 ,     880 ,     1 ,     50 ,     4,  110126.499,  545.8,   0.142
100 ,     110 ,     880 ,     1 ,     50 ,     6,  107194.304,  531.2,   0.149
100 ,     110 ,     880 ,     1 ,     50 ,     8,  104109.620,  515.9,   0.149
100 ,     110 ,     880 ,     1 ,     60 ,     10,  100905.898,  500.1,   0.181
100 ,     110 ,     880 ,     1 ,     60 ,     4,  106553.775,  528.1,   0.176
100 ,     110 ,     880 ,     1 ,     60 ,     6,  98022.282,  485.8,   0.186
100 ,     110 ,     880 ,     1 ,     60 ,     8,  102696.769,  508.9,   0.181
100 ,     110 ,     880 ,     1 ,     70 ,     10,  98641.679,  488.9,   0.214
100 ,     110 ,     880 ,     1 ,     70 ,     4,  102334.743,  507.2,   0.223
100 ,     110 ,     880 ,     1 ,     70 ,     6,  98695.437,  489.1,   0.216
100 ,     110 ,     880 ,     1 ,     70 ,     8,  101257.304,  501.8,   0.210
100 ,     110 ,     880 ,     1 ,     80 ,     10,  91736.918,  454.6,   0.253
100 ,     110 ,     880 ,     1 ,     80 ,     4,  101905.080,  505.0,   0.233
100 ,     110 ,     880 ,     1 ,     80 ,     6,  99724.953,  494.2,   0.242
100 ,     110 ,     880 ,     1 ,     80 ,     8,  94703.363,  469.4,   0.246
100 ,     110 ,     880 ,     2 ,     50 ,     10,  101130.743,  501.2,   0.147
100 ,     110 ,     880 ,     2 ,     50 ,     4,  115326.414,  571.5,   0.137
100 ,     110 ,     880 ,     2 ,     50 ,     6,  106531.931,  527.9,   0.139
100 ,     110 ,     880 ,     2 ,     50 ,     8,  108817.162,  539.3,   0.146
100 ,     110 ,     880 ,     2 ,     60 ,     10,  96963.241,  480.5,   0.184
100 ,     110 ,     880 ,     2 ,     60 ,     4,  112523.165,  557.7,   0.165
100 ,     110 ,     880 ,     2 ,     60 ,     6,  108652.803,  538.5,   0.170
100 ,     110 ,     880 ,     2 ,     60 ,     8,  105172.089,  521.3,   0.176
100 ,     110 ,     880 ,     2 ,     70 ,     10,  99525.446,  493.2,   0.209
100 ,     110 ,     880 ,     2 ,     70 ,     4,  102184.163,  506.4,   0.199
100 ,     110 ,     880 ,     2 ,     70 ,     6,  98359.730,  487.5,   0.205
100 ,     110 ,     880 ,     2 ,     70 ,     8,  100282.698,  497.0,   0.212
100 ,     110 ,     880 ,     2 ,     80 ,     10,  92787.434,  459.8,   0.239
100 ,     110 ,     880 ,     2 ,     80 ,     4,  104815.959,  519.5,   0.243
100 ,     110 ,     880 ,     2 ,     80 ,     6,  101200.494,  501.6,   0.243
100 ,     110 ,     880 ,     2 ,     80 ,     8,  93440.938,  463.1,   0.244
100 ,     110 ,     880 ,     3 ,     50 ,     10,  108192.900,  536.2,   0.143
100 ,     110 ,     880 ,     3 ,     50 ,     4,  111657.303,  553.4,   0.139
100 ,     110 ,     880 ,     3 ,     50 ,     6,  113558.467,  562.8,   0.137
100 ,     110 ,     880 ,     3 ,     50 ,     8,  108833.207,  539.4,   0.143
100 ,     110 ,     880 ,     3 ,     60 ,     10,  104166.534,  516.2,   0.174
100 ,     110 ,     880 ,     3 ,     60 ,     4,  104682.938,  518.8,   0.166
100 ,     110 ,     880 ,     3 ,     60 ,     6,  106641.870,  528.5,   0.180
100 ,     110 ,     880 ,     3 ,     60 ,     8,  100593.692,  498.5,   0.175
100 ,     110 ,     880 ,     3 ,     70 ,     10,  102629.452,  508.7,   0.200
100 ,     110 ,     880 ,     3 ,     70 ,     4,  110258.124,  546.4,   0.196
100 ,     110 ,     880 ,     3 ,     70 ,     6,  107655.644,  533.5,   0.197
100 ,     110 ,     880 ,     3 ,     70 ,     8,  103140.614,  511.1,   0.204
100 ,     110 ,     880 ,     3 ,     80 ,     10,  100637.749,  498.7,   0.235
100 ,     110 ,     880 ,     3 ,     80 ,     4,  107861.115,  534.5,   0.229
100 ,     110 ,     880 ,     3 ,     80 ,     6,  104448.857,  517.7,   0.235
100 ,     110 ,     880 ,     3 ,     80 ,     8,  96531.577,  478.4,   0.234
100 ,     110 ,     880 ,     4 ,     50 ,     10,  109062.337,  540.5,   0.141
100 ,     110 ,     880 ,     4 ,     50 ,     4,  115727.519,  573.6,   0.136
100 ,     110 ,     880 ,     4 ,     50 ,     6,  113385.421,  562.0,   0.138
100 ,     110 ,     880 ,     4 ,     50 ,     8,  112731.352,  558.7,   0.136
100 ,     110 ,     880 ,     4 ,     60 ,     10,  109159.434,  541.1,   0.161
100 ,     110 ,     880 ,     4 ,     60 ,     4,  111945.868,  554.9,   0.171
100 ,     110 ,     880 ,     4 ,     60 ,     6,  110327.097,  546.8,   0.169
100 ,     110 ,     880 ,     4 ,     60 ,     8,  103120.009,  511.0,   0.168
100 ,     110 ,     880 ,     4 ,     70 ,     10,  101433.759,  502.7,   0.205
100 ,     110 ,     880 ,     4 ,     70 ,     4,  102363.383,  507.4,   0.208
100 ,     110 ,     880 ,     4 ,     70 ,     6,  107546.403,  532.9,   0.190
100 ,     110 ,     880 ,     4 ,     70 ,     8,  105132.653,  521.0,   0.199
100 ,     110 ,     880 ,     4 ,     80 ,     10,  102596.889,  508.5,   0.227
100 ,     110 ,     880 ,     4 ,     80 ,     4,  109126.791,  540.8,   0.225
100 ,     110 ,     880 ,     4 ,     80 ,     6,  99710.387,  494.1,   0.232
100 ,     110 ,     880 ,     4 ,     80 ,     8,  103142.953,  511.2,   0.227
100 ,     110 ,     920 ,     1 ,     50 ,     10,  104454.033,  517.6,   0.149
100 ,     110 ,     920 ,     1 ,     50 ,     4,  111226.902,  551.1,   0.144
100 ,     110 ,     920 ,     1 ,     50 ,     6,  101795.915,  504.4,   0.180
100 ,     110 ,     920 ,     1 ,     50 ,     8,  97819.469,  484.7,   0.198
100 ,     110 ,     920 ,     1 ,     60 ,     10,  97858.001,  484.9,   0.189
100 ,     110 ,     920 ,     1 ,     60 ,     4,  99083.966,  491.0,   0.196
100 ,     110 ,     920 ,     1 ,     60 ,     6,  97359.191,  482.4,   0.181
100 ,     110 ,     920 ,     1 ,     60 ,     8,  102635.301,  508.5,   0.182
100 ,     110 ,     920 ,     1 ,     70 ,     10,  96653.430,  478.9,   0.234
100 ,     110 ,     920 ,     1 ,     70 ,     4,  104898.769,  519.8,   0.207
100 ,     110 ,     920 ,     1 ,     70 ,     6,  99225.436,  491.6,   0.214
100 ,     110 ,     920 ,     1 ,     70 ,     8,  98439.080,  487.7,   0.215
100 ,     110 ,     920 ,     1 ,     80 ,     10,  96208.159,  476.7,   0.254
100 ,     110 ,     920 ,     1 ,     80 ,     4,  99352.051,  492.2,   0.238
100 ,     110 ,     920 ,     1 ,     80 ,     6,  93541.085,  463.5,   0.246
100 ,     110 ,     920 ,     1 ,     80 ,     8,  92337.569,  457.5,   0.245
100 ,     110 ,     920 ,     2 ,     50 ,     10,  94737.583,  469.4,   0.224
100 ,     110 ,     920 ,     2 ,     50 ,     4,  109758.605,  543.8,   0.136
100 ,     110 ,     920 ,     2 ,     50 ,     6,  111840.315,  554.1,   0.145
100 ,     110 ,     920 ,     2 ,     50 ,     8,  104623.606,  518.4,   0.168
100 ,     110 ,     920 ,     2 ,     60 ,     10,  95863.139,  475.0,   0.179
100 ,     110 ,     920 ,     2 ,     60 ,     4,  104629.156,  518.4,   0.171
100 ,     110 ,     920 ,     2 ,     60 ,     6,  99507.624,  493.0,   0.187
100 ,     110 ,     920 ,     2 ,     60 ,     8,  103793.119,  514.3,   0.180
100 ,     110 ,     920 ,     2 ,     70 ,     10,  100589.629,  498.4,   0.206
100 ,     110 ,     920 ,     2 ,     70 ,     4,  102645.831,  508.6,   0.205
100 ,     110 ,     920 ,     2 ,     70 ,     6,  98425.579,  487.7,   0.205
100 ,     110 ,     920 ,     2 ,     70 ,     8,  98358.108,  487.4,   0.217
100 ,     110 ,     920 ,     2 ,     80 ,     10,  95054.152,  470.9,   0.247
100 ,     110 ,     920 ,     2 ,     80 ,     4,  106734.981,  528.8,   0.226
100 ,     110 ,     920 ,     2 ,     80 ,     6,  96544.594,  478.3,   0.237
100 ,     110 ,     920 ,     2 ,     80 ,     8,  96174.920,  476.5,   0.239
100 ,     110 ,     920 ,     3 ,     50 ,     10,  103104.048,  510.9,   0.141
100 ,     110 ,     920 ,     3 ,     50 ,     4,  116229.799,  575.9,   0.137
100 ,     110 ,     920 ,     3 ,     50 ,     6,  107577.596,  533.0,   0.139
100 ,     110 ,     920 ,     3 ,     50 ,     8,  104493.037,  517.7,   0.143
100 ,     110 ,     920 ,     3 ,     60 ,     10,  105282.599,  521.6,   0.174
100 ,     110 ,     920 ,     3 ,     60 ,     4,  106015.783,  525.3,   0.167
100 ,     110 ,     920 ,     3 ,     60 ,     6,  104644.567,  518.5,   0.169
100 ,     110 ,     920 ,     3 ,     60 ,     8,  107523.250,  532.8,   0.175
100 ,     110 ,     920 ,     3 ,     70 ,     10,  102123.383,  506.0,   0.206
100 ,     110 ,     920 ,     3 ,     70 ,     4,  108997.436,  540.1,   0.198
100 ,     110 ,     920 ,     3 ,     70 ,     6,  106956.724,  529.9,   0.199
100 ,     110 ,     920 ,     3 ,     70 ,     8,  104001.297,  515.3,   0.207
100 ,     110 ,     920 ,     3 ,     80 ,     10,  95175.568,  471.5,   0.237
100 ,     110 ,     920 ,     3 ,     80 ,     4,  106834.840,  529.3,   0.224
100 ,     110 ,     920 ,     3 ,     80 ,     6,  96155.705,  476.5,   0.262
100 ,     110 ,     920 ,     3 ,     80 ,     8,  94969.560,  470.6,   0.238
100 ,     110 ,     920 ,     4 ,     50 ,     10,  110171.052,  545.9,   0.140
100 ,     110 ,     920 ,     4 ,     50 ,     4,  114595.467,  567.8,   0.138
100 ,     110 ,     920 ,     4 ,     50 ,     6,  113887.852,  564.3,   0.139
100 ,     110 ,     920 ,     4 ,     50 ,     8,  107170.348,  531.0,   0.138
100 ,     110 ,     920 ,     4 ,     60 ,     10,  105254.096,  521.5,   0.174
100 ,     110 ,     920 ,     4 ,     60 ,     4,  108993.744,  540.0,   0.186
100 ,     110 ,     920 ,     4 ,     60 ,     6,  102074.835,  505.7,   0.183
100 ,     110 ,     920 ,     4 ,     60 ,     8,  107361.268,  532.0,   0.191
100 ,     110 ,     920 ,     4 ,     70 ,     10,  97829.798,  484.8,   0.200
100 ,     110 ,     920 ,     4 ,     70 ,     4,  108486.038,  537.5,   0.199
100 ,     110 ,     920 ,     4 ,     70 ,     6,  100245.038,  496.7,   0.210
100 ,     110 ,     920 ,     4 ,     70 ,     8,  100913.493,  500.0,   0.200
100 ,     110 ,     920 ,     4 ,     80 ,     10,  100600.433,  498.5,   0.236
100 ,     110 ,     920 ,     4 ,     80 ,     4,  107019.320,  530.3,   0.230
100 ,     110 ,     920 ,     4 ,     80 ,     6,  106518.839,  527.8,   0.233
100 ,     110 ,     920 ,     4 ,     80 ,     8,  97917.258,  485.1,   0.233
100 ,     110 ,     1000 ,     5 ,     100 ,     12,  96827.587,  476.4,   0.292
100 ,     110 ,     1000 ,     5 ,     100 ,     14,  86290.597,  424.5,   0.317
100 ,     110 ,     1000 ,     5 ,     100 ,     16,  94550.216,  465.1,   0.290
100 ,     110 ,     1000 ,     5 ,     100 ,     18,  88663.678,  436.2,   0.322
100 ,     110 ,     1000 ,     5 ,     100 ,     20,  85079.834,  418.5,   0.299
100 ,     110 ,     1000 ,     5 ,     110 ,     12,  86707.283,  426.5,   0.351
100 ,     110 ,     1000 ,     5 ,     110 ,     14,  92137.396,  453.2,   0.326
100 ,     110 ,     1000 ,     5 ,     110 ,     16,  84178.926,  414.1,   0.330
100 ,     110 ,     1000 ,     5 ,     110 ,     18,  89268.299,  439.1,   0.333
100 ,     110 ,     1000 ,     5 ,     110 ,     20,  89268.299,  439.1,   0.333
100 ,     110 ,     1000 ,     5 ,     120 ,     12,  87389.971,  429.9,   0.362
100 ,     110 ,     1000 ,     5 ,     120 ,     14,  90047.293,  443.0,   0.363
100 ,     110 ,     1000 ,     5 ,     120 ,     16,  85676.328,  421.4,   0.363
100 ,     110 ,     1000 ,     5 ,     120 ,     18,  85676.328,  421.4,   0.363
100 ,     110 ,     1000 ,     5 ,     120 ,     20,  85676.328,  421.4,   0.363
100 ,     110 ,     1000 ,     5 ,     90 ,     12,  91703.012,  451.1,   0.269
100 ,     110 ,     1000 ,     5 ,     90 ,     14,  89825.943,  441.9,   0.272
100 ,     110 ,     1000 ,     5 ,     90 ,     16,  93311.809,  459.0,   0.285
100 ,     110 ,     1000 ,     5 ,     90 ,     18,  86204.541,  424.1,   0.271
100 ,     110 ,     1000 ,     5 ,     90 ,     20,  85127.641,  418.8,   0.279
100 ,     110 ,     1000 ,     6 ,     100 ,     12,  98309.353,  483.6,   0.285
100 ,     110 ,     1000 ,     6 ,     100 ,     14,  95599.946,  470.2,   0.287
100 ,     110 ,     1000 ,     6 ,     100 ,     16,  85359.181,  419.9,   0.308
100 ,     110 ,     1000 ,     6 ,     100 ,     18,  84583.992,  416.1,   0.322
100 ,     110 ,     1000 ,     6 ,     100 ,     20,  84143.606,  413.9,   0.325
100 ,     110 ,     1000 ,     6 ,     110 ,     12,  93523.529,  460.0,   0.335
100 ,     110 ,     1000 ,     6 ,     110 ,     14,  91300.811,  449.2,   0.340
100 ,     110 ,     1000 ,     6 ,     110 ,     16,  91169.343,  448.5,   0.321
100 ,     110 ,     1000 ,     6 ,     110 ,     18,  89860.178,  442.1,   0.321
100 ,     110 ,     1000 ,     6 ,     110 ,     20,  89860.178,  442.1,   0.321
100 ,     110 ,     1000 ,     6 ,     120 ,     12,  90268.238,  444.0,   0.359
100 ,     110 ,     1000 ,     6 ,     120 ,     14,  91559.523,  450.3,   0.352
100 ,     110 ,     1000 ,     6 ,     120 ,     16,  88600.841,  435.8,   0.367
100 ,     110 ,     1000 ,     6 ,     120 ,     18,  88600.841,  435.8,   0.367
100 ,     110 ,     1000 ,     6 ,     120 ,     20,  88600.841,  435.8,   0.367
100 ,     110 ,     1000 ,     6 ,     90 ,     12,  93625.998,  460.6,   0.260
100 ,     110 ,     1000 ,     6 ,     90 ,     14,  89512.434,  440.3,   0.283
100 ,     110 ,     1000 ,     6 ,     90 ,     16,  94553.820,  465.1,   0.274
100 ,     110 ,     1000 ,     6 ,     90 ,     18,  88160.579,  433.7,   0.267
100 ,     110 ,     1000 ,     6 ,     90 ,     20,  83958.939,  413.0,   0.298
100 ,     110 ,     1000 ,     7 ,     100 ,     12,  90964.964,  447.5,   0.292
100 ,     110 ,     1000 ,     7 ,     100 ,     14,  90633.168,  445.8,   0.287
100 ,     110 ,     1000 ,     7 ,     100 ,     16,  87901.494,  432.3,   0.296
100 ,     110 ,     1000 ,     7 ,     100 ,     18,  91932.256,  452.3,   0.302
100 ,     110 ,     1000 ,     7 ,     100 ,     20,  83281.652,  409.7,   0.298
100 ,     110 ,     1000 ,     7 ,     110 ,     12,  94446.278,  464.6,   0.335
100 ,     110 ,     1000 ,     7 ,     110 ,     14,  95729.262,  470.9,   0.334
100 ,     110 ,     1000 ,     7 ,     110 ,     16,  87925.797,  432.5,   0.368
100 ,     110 ,     1000 ,     7 ,     110 ,     18,  83283.539,  409.6,   0.362
100 ,     110 ,     1000 ,     7 ,     110 ,     20,  83283.539,  409.6,   0.362
100 ,     110 ,     1000 ,     7 ,     120 ,     12,  95061.772,  467.6,   0.346
100 ,     110 ,     1000 ,     7 ,     120 ,     14,  89629.956,  440.8,   0.364
100 ,     110 ,     1000 ,     7 ,     120 ,     16,  88976.455,  437.6,   0.394
100 ,     110 ,     1000 ,     7 ,     120 ,     18,  88976.455,  437.6,   0.394
100 ,     110 ,     1000 ,     7 ,     120 ,     20,  88976.455,  437.6,   0.394
100 ,     110 ,     1000 ,     7 ,     90 ,     12,  95217.903,  468.5,   0.261
100 ,     110 ,     1000 ,     7 ,     90 ,     14,  95813.593,  471.4,   0.252
100 ,     110 ,     1000 ,     7 ,     90 ,     16,  95219.890,  468.4,   0.262
100 ,     110 ,     1000 ,     7 ,     90 ,     18,  92665.839,  455.9,   0.280
100 ,     110 ,     1000 ,     7 ,     90 ,     20,  87335.852,  429.6,   0.287
100 ,     110 ,     1000 ,     8 ,     100 ,     12,  93479.606,  459.8,   0.298
100 ,     110 ,     1000 ,     8 ,     100 ,     14,  89401.471,  439.7,   0.297
100 ,     110 ,     1000 ,     8 ,     100 ,     16,  88981.237,  437.7,   0.289
100 ,     110 ,     1000 ,     8 ,     100 ,     18,  91752.605,  451.4,   0.297
100 ,     110 ,     1000 ,     8 ,     100 ,     20,  84183.409,  414.1,   0.325
100 ,     110 ,     1000 ,     8 ,     110 ,     12,  89526.169,  440.4,   0.322
100 ,     110 ,     1000 ,     8 ,     110 ,     14,  96774.859,  476.0,   0.324
100 ,     110 ,     1000 ,     8 ,     110 ,     16,  86160.239,  423.8,   0.337
100 ,     110 ,     1000 ,     8 ,     110 ,     18,  88147.157,  433.6,   0.340
100 ,     110 ,     1000 ,     8 ,     110 ,     20,  88147.157,  433.6,   0.340
100 ,     110 ,     1000 ,     8 ,     120 ,     12,  87645.234,  431.2,   0.356
100 ,     110 ,     1000 ,     8 ,     120 ,     14,  85904.530,  422.5,   0.350
100 ,     110 ,     1000 ,     8 ,     120 ,     16,  90555.121,  445.4,   0.345
100 ,     110 ,     1000 ,     8 ,     120 ,     18,  90555.121,  445.4,   0.345
100 ,     110 ,     1000 ,     8 ,     120 ,     20,  90555.121,  445.4,   0.345
100 ,     110 ,     1000 ,     8 ,     90 ,     12,  93527.771,  460.1,   0.261
100 ,     110 ,     1000 ,     8 ,     90 ,     14,  96878.195,  476.6,   0.274
100 ,     110 ,     1000 ,     8 ,     90 ,     16,  98196.211,  483.0,   0.277
100 ,     110 ,     1000 ,     8 ,     90 ,     18,  95006.824,  467.4,   0.266
100 ,     110 ,     1000 ,     8 ,     90 ,     20,  91832.488,  451.7,   0.268
100 ,     110 ,     1040 ,     5 ,     100 ,     12,  92298.113,  453.2,   0.301
100 ,     110 ,     1040 ,     5 ,     100 ,     14,  87649.545,  430.3,   0.317
100 ,     110 ,     1040 ,     5 ,     100 ,     16,  84675.755,  415.8,   0.330
100 ,     110 ,     1040 ,     5 ,     100 ,     18,  85390.387,  419.3,   0.310
100 ,     110 ,     1040 ,     5 ,     100 ,     20,  80902.232,  397.2,   0.348
100 ,     110 ,     1040 ,     5 ,     110 ,     12,  92857.715,  456.0,   0.346
100 ,     110 ,     1040 ,     5 ,     110 ,     14,  92886.072,  456.1,   0.337
100 ,     110 ,     1040 ,     5 ,     110 ,     16,  90689.759,  445.3,   0.332
100 ,     110 ,     1040 ,     5 ,     110 ,     18,  82113.649,  403.2,   0.336
100 ,     110 ,     1040 ,     5 ,     110 ,     20,  82113.649,  403.2,   0.336
100 ,     110 ,     1040 ,     5 ,     120 ,     12,  93643.937,  459.8,   0.353
100 ,     110 ,     1040 ,     5 ,     120 ,     14,  87641.830,  430.3,   0.396
100 ,     110 ,     1040 ,     5 ,     120 ,     16,  87133.141,  427.8,   0.364
100 ,     110 ,     1040 ,     5 ,     120 ,     18,  87133.141,  427.8,   0.364
100 ,     110 ,     1040 ,     5 ,     120 ,     20,  87133.141,  427.8,   0.364
100 ,     110 ,     1040 ,     5 ,     90 ,     12,  98488.298,  483.6,   0.259
100 ,     110 ,     1040 ,     5 ,     90 ,     14,  91325.639,  448.4,   0.270
100 ,     110 ,     1040 ,     5 ,     90 ,     16,  92224.150,  452.8,   0.284
100 ,     110 ,     1040 ,     5 ,     90 ,     18,  85146.077,  418.1,   0.298
100 ,     110 ,     1040 ,     5 ,     90 ,     20,  86154.251,  423.0,   0.296
100 ,     110 ,     1040 ,     6 ,     100 ,     12,  91024.103,  446.9,   0.292
100 ,     110 ,     1040 ,     6 ,     100 ,     14,  95236.358,  467.6,   0.292
100 ,     110 ,     1040 ,     6 ,     100 ,     16,  90839.018,  446.0,   0.316
100 ,     110 ,     1040 ,     6 ,     100 ,     18,  84452.774,  414.7,   0.305
100 ,     110 ,     1040 ,     6 ,     100 ,     20,  87162.560,  428.0,   0.288
100 ,     110 ,     1040 ,     6 ,     110 ,     12,  91861.827,  451.0,   0.322
100 ,     110 ,     1040 ,     6 ,     110 ,     14,  86646.223,  425.4,   0.339
100 ,     110 ,     1040 ,     6 ,     110 ,     16,  84344.880,  414.1,   0.349
100 ,     110 ,     1040 ,     6 ,     110 ,     18,  81851.058,  401.8,   0.353
100 ,     110 ,     1040 ,     6 ,     110 ,     20,  81851.058,  401.8,   0.353
100 ,     110 ,     1040 ,     6 ,     120 ,     12,  90050.359,  442.1,   0.344
100 ,     110 ,     1040 ,     6 ,     120 ,     14,  91442.596,  449.0,   0.351
100 ,     110 ,     1040 ,     6 ,     120 ,     16,  83887.203,  411.9,   0.356
100 ,     110 ,     1040 ,     6 ,     120 ,     18,  83887.203,  411.9,   0.356
100 ,     110 ,     1040 ,     6 ,     120 ,     20,  83887.203,  411.9,   0.356
100 ,     110 ,     1040 ,     6 ,     90 ,     12,  100338.676,  492.7,   0.260
100 ,     110 ,     1040 ,     6 ,     90 ,     14,  96523.778,  473.9,   0.264
100 ,     110 ,     1040 ,     6 ,     90 ,     16,  89532.013,  439.6,   0.271
100 ,     110 ,     1040 ,     6 ,     90 ,     18,  86655.468,  425.5,   0.288
100 ,     110 ,     1040 ,     6 ,     90 ,     20,  91167.614,  447.6,   0.276
100 ,     110 ,     1040 ,     7 ,     100 ,     12,  91207.411,  447.9,   0.294
100 ,     110 ,     1040 ,     7 ,     100 ,     14,  88806.606,  436.0,   0.306
100 ,     110 ,     1040 ,     7 ,     100 ,     16,  90131.501,  442.5,   0.313
100 ,     110 ,     1040 ,     7 ,     100 ,     18,  89359.090,  438.7,   0.321
100 ,     110 ,     1040 ,     7 ,     100 ,     20,  84217.243,  413.5,   0.300
100 ,     110 ,     1040 ,     7 ,     110 ,     12,  95599.040,  469.4,   0.320
100 ,     110 ,     1040 ,     7 ,     110 ,     14,  93016.342,  456.7,   0.315
100 ,     110 ,     1040 ,     7 ,     110 ,     16,  85525.333,  420.0,   0.328
100 ,     110 ,     1040 ,     7 ,     110 ,     18,  87346.794,  428.8,   0.329
100 ,     110 ,     1040 ,     7 ,     110 ,     20,  87346.794,  428.8,   0.329
100 ,     110 ,     1040 ,     7 ,     120 ,     12,  94448.457,  463.7,   0.351
100 ,     110 ,     1040 ,     7 ,     120 ,     14,  92865.939,  455.9,   0.344
100 ,     110 ,     1040 ,     7 ,     120 ,     16,  82912.056,  407.0,   0.399
100 ,     110 ,     1040 ,     7 ,     120 ,     18,  82912.056,  407.0,   0.399
100 ,     110 ,     1040 ,     7 ,     120 ,     20,  82912.056,  407.0,   0.399
100 ,     110 ,     1040 ,     7 ,     90 ,     12,  97156.261,  477.0,   0.269
100 ,     110 ,     1040 ,     7 ,     90 ,     14,  91350.108,  448.6,   0.263
100 ,     110 ,     1040 ,     7 ,     90 ,     16,  91136.659,  447.5,   0.285
100 ,     110 ,     1040 ,     7 ,     90 ,     18,  90042.521,  442.1,   0.256
100 ,     110 ,     1040 ,     7 ,     90 ,     20,  87707.193,  430.7,   0.274
100 ,     110 ,     1040 ,     8 ,     100 ,     12,  91855.864,  451.1,   0.288
100 ,     110 ,     1040 ,     8 ,     100 ,     14,  96947.668,  476.0,   0.286
100 ,     110 ,     1040 ,     8 ,     100 ,     16,  88473.486,  434.5,   0.290
100 ,     110 ,     1040 ,     8 ,     100 ,     18,  86409.716,  424.3,   0.298
100 ,     110 ,     1040 ,     8 ,     100 ,     20,  85621.621,  420.3,   0.306
100 ,     110 ,     1040 ,     8 ,     110 ,     12,  90141.631,  442.6,   0.319
100 ,     110 ,     1040 ,     8 ,     110 ,     14,  86745.178,  425.9,   0.362
100 ,     110 ,     1040 ,     8 ,     110 ,     16,  86554.369,  425.0,   0.324
100 ,     110 ,     1040 ,     8 ,     110 ,     18,  90162.648,  442.7,   0.351
100 ,     110 ,     1040 ,     8 ,     110 ,     20,  90162.648,  442.7,   0.351
100 ,     110 ,     1040 ,     8 ,     120 ,     12,  93871.611,  460.9,   0.363
100 ,     110 ,     1040 ,     8 ,     120 ,     14,  91602.070,  449.7,   0.363
100 ,     110 ,     1040 ,     8 ,     120 ,     16,  87180.300,  428.1,   0.357
100 ,     110 ,     1040 ,     8 ,     120 ,     18,  87180.300,  428.1,   0.357
100 ,     110 ,     1040 ,     8 ,     120 ,     20,  87180.300,  428.1,   0.357
100 ,     110 ,     1040 ,     8 ,     90 ,     12,  93111.560,  457.2,   0.262
100 ,     110 ,     1040 ,     8 ,     90 ,     14,  91934.064,  451.4,   0.270
100 ,     110 ,     1040 ,     8 ,     90 ,     16,  99444.061,  488.3,   0.252
100 ,     110 ,     1040 ,     8 ,     90 ,     18,  95875.601,  470.8,   0.268
100 ,     110 ,     1040 ,     8 ,     90 ,     20,  87668.661,  430.5,   0.269
100 ,     110 ,     1080 ,     5 ,     100 ,     12,  95117.433,  476.3,   0.293
100 ,     110 ,     1080 ,     5 ,     100 ,     14,  92503.840,  463.2,   0.319
100 ,     110 ,     1080 ,     5 ,     100 ,     16,  92430.719,  462.8,   0.302
100 ,     110 ,     1080 ,     5 ,     100 ,     18,  89292.219,  447.1,   0.322
100 ,     110 ,     1080 ,     5 ,     100 ,     20,  77843.511,  389.8,   0.407
100 ,     110 ,     1080 ,     5 ,     110 ,     12,  92492.053,  463.1,   0.332
100 ,     110 ,     1080 ,     5 ,     110 ,     14,  87016.287,  435.7,   0.347
100 ,     110 ,     1080 ,     5 ,     110 ,     16,  83017.057,  415.7,   0.348
100 ,     110 ,     1080 ,     5 ,     110 ,     18,  80475.931,  402.9,   0.348
100 ,     110 ,     1080 ,     5 ,     110 ,     20,  80475.931,  402.9,   0.348
100 ,     110 ,     1080 ,     5 ,     120 ,     12,  84573.718,  423.4,   0.371
100 ,     110 ,     1080 ,     5 ,     120 ,     14,  83163.145,  416.4,   0.386
100 ,     110 ,     1080 ,     5 ,     120 ,     16,  83290.286,  417.0,   0.375
100 ,     110 ,     1080 ,     5 ,     120 ,     18,  83290.286,  417.0,   0.375
100 ,     110 ,     1080 ,     5 ,     120 ,     20,  83290.286,  417.0,   0.375
100 ,     110 ,     1080 ,     5 ,     90 ,     12,  91108.679,  456.2,   0.272
100 ,     110 ,     1080 ,     5 ,     90 ,     14,  89476.596,  448.1,   0.271
100 ,     110 ,     1080 ,     5 ,     90 ,     16,  93807.525,  469.7,   0.295
100 ,     110 ,     1080 ,     5 ,     90 ,     18,  93098.072,  466.2,   0.273
100 ,     110 ,     1080 ,     5 ,     90 ,     20,  90403.698,  452.7,   0.290
100 ,     110 ,     1080 ,     6 ,     100 ,     12,  96403.756,  482.7,   0.300
100 ,     110 ,     1080 ,     6 ,     100 ,     14,  88224.236,  441.8,   0.299
100 ,     110 ,     1080 ,     6 ,     100 ,     16,  85956.449,  430.4,   0.306
100 ,     110 ,     1080 ,     6 ,     100 ,     18,  86355.093,  432.4,   0.314
100 ,     110 ,     1080 ,     6 ,     100 ,     20,  81322.297,  407.2,   0.343
100 ,     110 ,     1080 ,     6 ,     110 ,     12,  86810.980,  434.7,   0.353
100 ,     110 ,     1080 ,     6 ,     110 ,     14,  92397.242,  462.7,   0.321
100 ,     110 ,     1080 ,     6 ,     110 ,     16,  85103.269,  426.1,   0.338
100 ,     110 ,     1080 ,     6 ,     110 ,     18,  85439.022,  427.8,   0.339
100 ,     110 ,     1080 ,     6 ,     110 ,     20,  85439.022,  427.8,   0.339
100 ,     110 ,     1080 ,     6 ,     120 ,     12,  93037.527,  465.8,   0.375
100 ,     110 ,     1080 ,     6 ,     120 ,     14,  88103.260,  441.1,   0.360
100 ,     110 ,     1080 ,     6 ,     120 ,     16,  81305.164,  407.0,   0.387
100 ,     110 ,     1080 ,     6 ,     120 ,     18,  81305.164,  407.0,   0.387
100 ,     110 ,     1080 ,     6 ,     120 ,     20,  81305.164,  407.0,   0.387
100 ,     110 ,     1080 ,     6 ,     90 ,     12,  91946.274,  460.4,   0.298
100 ,     110 ,     1080 ,     6 ,     90 ,     14,  90024.475,  450.8,   0.272
100 ,     110 ,     1080 ,     6 ,     90 ,     16,  95667.694,  479.1,   0.260
100 ,     110 ,     1080 ,     6 ,     90 ,     18,  89661.338,  449.0,   0.307
100 ,     110 ,     1080 ,     6 ,     90 ,     20,  85109.010,  426.1,   0.276
100 ,     110 ,     1080 ,     7 ,     100 ,     12,  98528.817,  493.4,   0.290
100 ,     110 ,     1080 ,     7 ,     100 ,     14,  93807.749,  469.7,   0.320
100 ,     110 ,     1080 ,     7 ,     100 ,     16,  93721.528,  469.3,   0.303
100 ,     110 ,     1080 ,     7 ,     100 ,     18,  88712.716,  444.2,   0.315
100 ,     110 ,     1080 ,     7 ,     100 ,     20,  81161.246,  406.4,   0.337
100 ,     110 ,     1080 ,     7 ,     110 ,     12,  88466.761,  442.9,   0.350
100 ,     110 ,     1080 ,     7 ,     110 ,     14,  92859.121,  465.0,   0.344
100 ,     110 ,     1080 ,     7 ,     110 ,     16,  88643.679,  443.8,   0.328
100 ,     110 ,     1080 ,     7 ,     110 ,     18,  86899.278,  435.1,   0.346
100 ,     110 ,     1080 ,     7 ,     110 ,     20,  86899.278,  435.1,   0.346
100 ,     110 ,     1080 ,     7 ,     120 ,     12,  92912.081,  465.2,   0.376
100 ,     110 ,     1080 ,     7 ,     120 ,     14,  84853.696,  424.9,   0.373
100 ,     110 ,     1080 ,     7 ,     120 ,     16,  89065.318,  446.0,   0.368
100 ,     110 ,     1080 ,     7 ,     120 ,     18,  89065.318,  446.0,   0.368
100 ,     110 ,     1080 ,     7 ,     120 ,     20,  89065.318,  446.0,   0.368
100 ,     110 ,     1080 ,     7 ,     90 ,     12,  92179.241,  461.6,   0.262
100 ,     110 ,     1080 ,     7 ,     90 ,     14,  93850.150,  470.0,   0.254
100 ,     110 ,     1080 ,     7 ,     90 ,     16,  94528.827,  473.3,   0.262
100 ,     110 ,     1080 ,     7 ,     90 ,     18,  88210.363,  441.7,   0.267
100 ,     110 ,     1080 ,     7 ,     90 ,     20,  87750.679,  439.4,   0.283
100 ,     110 ,     1080 ,     8 ,     100 ,     12,  95705.507,  479.2,   0.311
100 ,     110 ,     1080 ,     8 ,     100 ,     14,  88741.011,  444.3,   0.302
100 ,     110 ,     1080 ,     8 ,     100 ,     16,  90434.259,  452.8,   0.328
100 ,     110 ,     1080 ,     8 ,     100 ,     18,  85179.981,  426.5,   0.321
100 ,     110 ,     1080 ,     8 ,     100 ,     20,  84395.792,  422.6,   0.302
100 ,     110 ,     1080 ,     8 ,     110 ,     12,  89067.032,  445.9,   0.335
100 ,     110 ,     1080 ,     8 ,     110 ,     14,  87163.116,  436.4,   0.328
100 ,     110 ,     1080 ,     8 ,     110 ,     16,  85400.561,  427.6,   0.364
100 ,     110 ,     1080 ,     8 ,     110 ,     18,  84231.624,  421.7,   0.385
100 ,     110 ,     1080 ,     8 ,     110 ,     20,  84231.624,  421.7,   0.385
100 ,     110 ,     1080 ,     8 ,     120 ,     12,  84767.258,  424.4,   0.394
100 ,     110 ,     1080 ,     8 ,     120 ,     14,  88162.509,  441.5,   0.357
100 ,     110 ,     1080 ,     8 ,     120 ,     16,  84140.107,  421.3,   0.358
100 ,     110 ,     1080 ,     8 ,     120 ,     18,  84140.107,  421.3,   0.358
100 ,     110 ,     1080 ,     8 ,     120 ,     20,  84140.107,  421.3,   0.358
100 ,     110 ,     1080 ,     8 ,     90 ,     12,  93185.777,  466.6,   0.265
100 ,     110 ,     1080 ,     8 ,     90 ,     14,  91007.794,  455.7,   0.304
100 ,     110 ,     1080 ,     8 ,     90 ,     16,  90732.104,  454.3,   0.265
100 ,     110 ,     1080 ,     8 ,     90 ,     18,  85794.668,  429.6,   0.310
100 ,     110 ,     1080 ,     8 ,     90 ,     20,  87437.594,  437.8,   0.266
100 ,     110 ,     960 ,     5 ,     100 ,     12,  90020.541,  442.7,   0.297
100 ,     110 ,     960 ,     5 ,     100 ,     14,  87987.384,  432.7,   0.315
100 ,     110 ,     960 ,     5 ,     100 ,     16,  94867.968,  466.5,   0.297
100 ,     110 ,     960 ,     5 ,     100 ,     18,  86256.153,  424.3,   0.304
100 ,     110 ,     960 ,     5 ,     100 ,     20,  84284.458,  414.4,   0.305
100 ,     110 ,     960 ,     5 ,     110 ,     12,  87961.638,  432.5,   0.328
100 ,     110 ,     960 ,     5 ,     110 ,     14,  86830.400,  427.0,   0.346
100 ,     110 ,     960 ,     5 ,     110 ,     16,  85336.302,  419.7,   0.330
100 ,     110 ,     960 ,     5 ,     110 ,     18,  87572.795,  430.7,   0.340
100 ,     110 ,     960 ,     5 ,     110 ,     20,  87572.795,  430.7,   0.340
100 ,     110 ,     960 ,     5 ,     120 ,     12,  87686.589,  431.2,   0.353
100 ,     110 ,     960 ,     5 ,     120 ,     14,  84313.231,  414.6,   0.378
100 ,     110 ,     960 ,     5 ,     120 ,     16,  81013.543,  398.4,   0.375
100 ,     110 ,     960 ,     5 ,     120 ,     18,  81013.543,  398.4,   0.375
100 ,     110 ,     960 ,     5 ,     120 ,     20,  81013.543,  398.4,   0.375
100 ,     110 ,     960 ,     5 ,     90 ,     12,  90474.644,  445.0,   0.268
100 ,     110 ,     960 ,     5 ,     90 ,     14,  97204.012,  478.0,   0.260
100 ,     110 ,     960 ,     5 ,     90 ,     16,  87809.380,  431.8,   0.278
100 ,     110 ,     960 ,     5 ,     90 ,     18,  91333.522,  449.2,   0.284
100 ,     110 ,     960 ,     5 ,     90 ,     20,  91879.458,  451.9,   0.263
100 ,     110 ,     960 ,     6 ,     100 ,     12,  97255.654,  478.3,   0.286
100 ,     110 ,     960 ,     6 ,     100 ,     14,  88334.377,  434.5,   0.311
100 ,     110 ,     960 ,     6 ,     100 ,     16,  88144.136,  433.5,   0.296
100 ,     110 ,     960 ,     6 ,     100 ,     18,  91798.130,  451.5,   0.301
100 ,     110 ,     960 ,     6 ,     100 ,     20,  84222.686,  414.1,   0.315
100 ,     110 ,     960 ,     6 ,     110 ,     12,  89572.720,  440.5,   0.340
100 ,     110 ,     960 ,     6 ,     110 ,     14,  93771.856,  461.1,   0.320
100 ,     110 ,     960 ,     6 ,     110 ,     16,  84990.581,  417.9,   0.333
100 ,     110 ,     960 ,     6 ,     110 ,     18,  84216.475,  414.2,   0.348
100 ,     110 ,     960 ,     6 ,     110 ,     20,  84216.475,  414.2,   0.348
100 ,     110 ,     960 ,     6 ,     120 ,     12,  89309.990,  439.2,   0.370
100 ,     110 ,     960 ,     6 ,     120 ,     14,  89134.767,  438.3,   0.381
100 ,     110 ,     960 ,     6 ,     120 ,     16,  85958.427,  422.8,   0.354
100 ,     110 ,     960 ,     6 ,     120 ,     18,  85958.427,  422.8,   0.354
100 ,     110 ,     960 ,     6 ,     120 ,     20,  85958.427,  422.8,   0.354
100 ,     110 ,     960 ,     6 ,     90 ,     12,  100866.801,  496.0,   0.260
100 ,     110 ,     960 ,     6 ,     90 ,     14,  89496.731,  440.1,   0.270
100 ,     110 ,     960 ,     6 ,     90 ,     16,  89356.947,  439.4,   0.272
100 ,     110 ,     960 ,     6 ,     90 ,     18,  92367.307,  454.3,   0.264
100 ,     110 ,     960 ,     6 ,     90 ,     20,  92645.150,  455.6,   0.264
100 ,     110 ,     960 ,     7 ,     100 ,     12,  92168.813,  453.3,   0.309
100 ,     110 ,     960 ,     7 ,     100 ,     14,  89805.733,  441.6,   0.291
100 ,     110 ,     960 ,     7 ,     100 ,     16,  93240.393,  458.5,   0.307
100 ,     110 ,     960 ,     7 ,     100 ,     18,  90086.681,  443.0,   0.300
100 ,     110 ,     960 ,     7 ,     100 ,     20,  85601.477,  420.9,   0.319
100 ,     110 ,     960 ,     7 ,     110 ,     12,  94914.968,  466.8,   0.330
100 ,     110 ,     960 ,     7 ,     110 ,     14,  91452.901,  449.7,   0.337
100 ,     110 ,     960 ,     7 ,     110 ,     16,  85726.280,  421.5,   0.347
100 ,     110 ,     960 ,     7 ,     110 ,     18,  88120.009,  433.4,   0.344
100 ,     110 ,     960 ,     7 ,     110 ,     20,  88120.009,  433.4,   0.344
100 ,     110 ,     960 ,     7 ,     120 ,     12,  90271.486,  443.9,   0.346
100 ,     110 ,     960 ,     7 ,     120 ,     14,  92578.247,  455.3,   0.351
100 ,     110 ,     960 ,     7 ,     120 ,     16,  83566.599,  410.9,   0.362
100 ,     110 ,     960 ,     7 ,     120 ,     18,  83566.599,  410.9,   0.362
100 ,     110 ,     960 ,     7 ,     120 ,     20,  83566.599,  410.9,   0.362
100 ,     110 ,     960 ,     7 ,     90 ,     12,  94674.393,  465.6,   0.263
100 ,     110 ,     960 ,     7 ,     90 ,     14,  92345.467,  454.2,   0.257
100 ,     110 ,     960 ,     7 ,     90 ,     16,  89267.549,  439.0,   0.279
100 ,     110 ,     960 ,     7 ,     90 ,     18,  87595.580,  430.8,   0.277
100 ,     110 ,     960 ,     7 ,     90 ,     20,  92368.295,  454.3,   0.272
100 ,     110 ,     960 ,     8 ,     100 ,     12,  95497.419,  469.6,   0.303
100 ,     110 ,     960 ,     8 ,     100 ,     14,  99779.504,  490.7,   0.287
100 ,     110 ,     960 ,     8 ,     100 ,     16,  90750.469,  446.2,   0.294
100 ,     110 ,     960 ,     8 ,     100 ,     18,  85066.447,  418.3,   0.310
100 ,     110 ,     960 ,     8 ,     100 ,     20,  88297.750,  434.2,   0.324
100 ,     110 ,     960 ,     8 ,     110 ,     12,  90112.078,  443.2,   0.335
100 ,     110 ,     960 ,     8 ,     110 ,     14,  88721.995,  436.3,   0.323
100 ,     110 ,     960 ,     8 ,     110 ,     16,  87156.262,  428.6,   0.342
100 ,     110 ,     960 ,     8 ,     110 ,     18,  89196.093,  438.8,   0.322
100 ,     110 ,     960 ,     8 ,     110 ,     20,  89196.093,  438.8,   0.322
100 ,     110 ,     960 ,     8 ,     120 ,     12,  92136.682,  453.1,   0.365
100 ,     110 ,     960 ,     8 ,     120 ,     14,  86200.889,  423.9,   0.365
100 ,     110 ,     960 ,     8 ,     120 ,     16,  90066.834,  442.9,   0.358
100 ,     110 ,     960 ,     8 ,     120 ,     18,  90066.834,  442.9,   0.358
100 ,     110 ,     960 ,     8 ,     120 ,     20,  90066.834,  442.9,   0.358
100 ,     110 ,     960 ,     8 ,     90 ,     12,  95344.966,  468.9,   0.258
100 ,     110 ,     960 ,     8 ,     90 ,     14,  95021.904,  467.4,   0.256
100 ,     110 ,     960 ,     8 ,     90 ,     16,  97388.086,  479.0,   0.259
100 ,     110 ,     960 ,     8 ,     90 ,     18,  88074.270,  433.2,   0.266
100 ,     110 ,     960 ,     8 ,     90 ,     20,  92676.964,  455.8,   0.268
100 ,          140 ,   96 ,    50 ,          90 ,          12 ,   61.06,     300.3, 29.1
100 ,          140 ,   96 ,    50 ,          90 ,          14 ,   52.84,     259.8, 32.4
100 ,          140 ,   96 ,    50 ,          115 ,          12 ,   39.52,     194.4, 58.5
100 ,          140 ,   96 ,    50 ,          115 ,          14 ,   39.0,     192.7, 38.0
100 ,          140 ,   96 ,    60 ,          90 ,          12 ,   58.03,     285.4, 29.2
100 ,          140 ,   96 ,    60 ,          90 ,          14 ,   51.12,     251.4, 30.1
100 ,          140 ,   96 ,    60 ,          115 ,          12 ,   40.63,     199.8, 48.7
100 ,          140 ,   96 ,    60 ,          115 ,          14 ,   31.05,     152.5, 58.6
100 ,          140 ,   104 ,    50 ,          90 ,          12 ,   62.67,     307.8, 23.3
100 ,          140 ,   104 ,    50 ,          90 ,          14 ,   44.08,     216.5, 48.9
100 ,          140 ,   104 ,    50 ,          115 ,          12 ,   40.55,     199.1, 45.2
100 ,          140 ,   104 ,    50 ,          115 ,          14 ,   29.83,     146.5, 44.1
100 ,          140 ,   104 ,    60 ,          90 ,          12 ,   67.15,     329.6, 29.3
100 ,          140 ,   104 ,    60 ,          90 ,          14 ,   51.26,     251.8, 37.0
100 ,          140 ,   104 ,    60 ,          115 ,          12 ,   36.33,     178.4, 70.2
100 ,          140 ,   104 ,    60 ,          115 ,          14 ,   33.56,     164.6, 60.1
100 ,          80 ,   96 ,    50 ,          90 ,          12 ,   69.21,     340.5, 35.2
100 ,          80 ,   96 ,    50 ,          90 ,          14 ,   85.89,     422.4, 27.8
100 ,          80 ,   96 ,    50 ,          115 ,          12 ,   50.14,     246.4, 48.3
100 ,          80 ,   96 ,    50 ,          115 ,          14 ,   45.12,     221.8, 89.6
100 ,          80 ,   96 ,    60 ,          90 ,          12 ,   51.27,     252.0, 30.5
100 ,          80 ,   96 ,    60 ,          90 ,          14 ,   37.88,     186.4, 67.8
100 ,          80 ,   96 ,    60 ,          115 ,          12 ,   78.76,     387.2, 42.9
100 ,          80 ,   96 ,    60 ,          115 ,          14 ,   79.43,     390.4, 46.3
100 ,          80 ,   104 ,    50 ,          90 ,          12 ,   61.76,     303.1, 32.9
100 ,          80 ,   104 ,    50 ,          90 ,          14 ,   76.75,     376.8, 52.1
100 ,          80 ,   104 ,    50 ,          115 ,          12 ,   64.58,     317.1, 57.6
100 ,          80 ,   104 ,    50 ,          115 ,          14 ,   53.33,     261.9, 66.1
100 ,          80 ,   104 ,    60 ,          90 ,          12 ,   68.34,     335.9, 27.5
100 ,          80 ,   104 ,    60 ,          90 ,          14 ,   55.46,     272.3, 34.8
100 ,          80 ,   104 ,    60 ,          115 ,          12 ,   34.2,     167.9, 76.5
100 ,          80 ,   104 ,    60 ,          115 ,          14 ,   39.84,     195.4, 57.6
200 ,          110 ,   96 ,    50 ,          90 ,          12 ,   101.8,     500.7, 16.4
200 ,          110 ,   96 ,    50 ,          90 ,          14 ,   104.79,     515.5, 15.5
200 ,          110 ,   96 ,    50 ,          100 ,          12 ,   87.48,     430.3, 23.3
200 ,          110 ,   96 ,    50 ,          100 ,          14 ,   112.99,     555.9, 20.6
200 ,          110 ,   96 ,    60 ,          90 ,          12 ,   131.83,     648.5, 13.9
200 ,          110 ,   96 ,    60 ,          90 ,          14 ,   78.49,     385.7, 26.3
200 ,          110 ,   96 ,    60 ,          100 ,          12 ,   87.76,     431.5, 22.8
200 ,          110 ,   96 ,    60 ,          100 ,          14 ,   82.47,     405.5, 21.3
200 ,          110 ,   100 ,    50 ,          90 ,          12 ,   94.84,     466.6, 26.4
200 ,          110 ,   100 ,    50 ,          90 ,          14 ,   117.06,     575.9, 13.9
200 ,          110 ,   100 ,    50 ,          100 ,          12 ,   112.87,     555.3, 19.4
200 ,          110 ,   100 ,    50 ,          100 ,          14 ,   68.39,     336.5, 23.6
200 ,          110 ,   100 ,    60 ,          90 ,          12 ,   95.25,     468.6, 25.5
200 ,          110 ,   100 ,    60 ,          90 ,          14 ,   78.33,     385.4, 24.4
200 ,          110 ,   100 ,    60 ,          100 ,          12 ,   71.47,     351.5, 35.5
200 ,          110 ,   100 ,    60 ,          100 ,          14 ,   88.12,     433.5, 19.4
300 ,          110 ,   96 ,    50 ,          90 ,          12 ,   155.36,     764.1, 11.2
300 ,          110 ,   96 ,    50 ,          90 ,          14 ,   148.25,     729.0, 10.8
300 ,          110 ,   96 ,    50 ,          115 ,          12 ,   95.67,     470.3, 27.3
300 ,          110 ,   96 ,    50 ,          115 ,          14 ,   82.72,     406.6, 17.5
300 ,          110 ,   96 ,    60 ,          90 ,          12 ,   157.69,     775.5, 8.8
300 ,          110 ,   96 ,    60 ,          90 ,          14 ,   150.66,     741.5, 11.5
300 ,          110 ,   96 ,    60 ,          115 ,          12 ,   93.43,     459.4, 20.0
300 ,          110 ,   96 ,    60 ,          115 ,          14 ,   73.18,     359.6, 28.8
300 ,          110 ,   104 ,    50 ,          90 ,          12 ,   142.48,     699.7, 16.1
300 ,          110 ,   104 ,    50 ,          90 ,          14 ,   174.86,     858.9, 8.1
300 ,          110 ,   104 ,    50 ,          115 ,          12 ,   96.73,     475.0, 31.6
300 ,          110 ,   104 ,    50 ,          115 ,          14 ,   84.91,     416.9, 14.5
300 ,          110 ,   104 ,    60 ,          90 ,          12 ,   123.26,     605.3, 17.9
300 ,          110 ,   104 ,    60 ,          90 ,          14 ,   92.05,     452.0, 28.0
300 ,          110 ,   104 ,    60 ,          115 ,          12 ,   153.1,     752.1, 16.0
300 ,          110 ,   104 ,    60 ,          115 ,          14 ,   100.79,     495.0, 14.0
